molecule_chembl_id,canonical_smiles,pIC50,MW,LogP,TPSA
CHEMBL3094348,CCNC(=O)Nc1nc2cc(-c3ccc(C(=O)O)nc3)cc(-c3ccccn3)c2s1,9.0,419.4660000000001,4.259900000000002,117.10000000000001
CHEMBL3094347,CCNC(=O)Nc1nc2cc(-c3cccnc3)cc(-c3ccccn3)c2s1,7.853871964321762,375.4570000000001,4.561700000000003,79.8
CHEMBL515530,COC1CC(c2ccccc2)=NN1/C(C)=N\OC(=O)c1ccc(C(F)(F)F)cc1,6.903089986991944,405.3760000000001,4.278100000000004,63.49
CHEMBL463832,CC1=NN2C(C1)c1ccccc1CC2(C)C,6.6020599913279625,214.31199999999995,3.144000000000002,15.6
CHEMBL390983,COc1c(N2CC[C@@H](C3(N)CC3)C2)ccc2c(=O)c(C(=O)O)cn([C@@H]3C[C@@H]3F)c12,6.078313524516398,401.4380000000001,2.3088000000000006,97.78999999999999
CHEMBL4175527,Fc1ccc(-n2nnnc2NCc2ccco2)cc1Cl,6.045757490560675,293.6890000000001,2.6599000000000013,68.77000000000001
CHEMBL494577,O=C(O)c1cn2c3c(c(N4C[C@H](CNC5CC5)[C@H](F)C4)c(F)cc3c1=O)OC[C@@H]2CF,5.97469413473523,437.41800000000023,2.2681000000000004,83.8
CHEMBL278255,NC1CCN(c2c(F)cc3c(=O)c(C(=O)O)cn(C4CC4)c3c2Cl)C1,5.939302159646388,365.79200000000014,2.3644999999999996,88.56
CHEMBL5288212,Cc1[nH]c(C(=O)Nc2nc3c(N4CCOCC4)cc(C(=O)O)cc3s2)c(Cl)c1Cl,5.913640169325252,455.3230000000001,4.026720000000002,107.55
CHEMBL4127899,COc1cc2c(c(O)c1C(C)=O)C(=O)CC(C)(C)O2,5.730487055782084,264.27699999999993,2.347200000000001,72.83
CHEMBL4127930,COc1cc(OC)c2c(c1C(C)=O)OC(C)(C)C(O)C2Br,5.730487055782084,359.21599999999995,2.8743000000000016,64.99000000000001
CHEMBL4127938,COc1c(Br)c(OC)c(C(C)=O)c2c1C=CC(C)(C)O2,5.730487055782084,341.2010000000001,3.853100000000003,44.760000000000005
CHEMBL4126781,COc1c(Cl)c(OC)c2c(c1C(C)=O)OC(C)(C)C(OC)C2Cl,5.730487055782084,363.2370000000001,4.025700000000003,53.99000000000001
CHEMBL4126667,COc1c(Br)c(OC)c2c(c1C(C)=O)OC(C)(C)C(OC)C2Br,5.730487055782084,452.1390000000001,4.290900000000003,53.99000000000001
CHEMBL4129139,COc1cc2c(c(OC)c1C(C)=O)[C@H](O)[C@H](O)C(C)(C)O2,5.730487055782084,296.3190000000001,1.4716999999999998,85.22000000000001
CHEMBL4128711,COc1cc(OC)c2c(c1C(C)=O)OC(C)(C)[C@@H](O)[C@H]2O,5.730487055782084,296.31899999999996,1.4716999999999998,85.22000000000001
CHEMBL4129934,COc1cc(OS(=O)(=O)C(F)(F)F)c2c(c1C(C)=O)OC(C)(C)C=C2,5.6020599913279625,380.3400000000001,3.3104000000000022,78.9
CHEMBL31,COc1c(N2CCNC(C)C2)c(F)cc2c(=O)c(C(=O)O)cn(C3CC3)c12,5.492144128304169,375.40000000000015,1.9804,83.80000000000001
CHEMBL4129335,COc1c(Cl)c(O)c2c(c1C(C)=O)OC(C)(C)C(OC)C2Cl,5.455931955649724,349.21000000000004,3.7227000000000032,64.99000000000001
CHEMBL215303,C[C@H]1NCc2cc(-c3ccc4c(=O)c(C(=O)O)cn(C5CC5)c4c3OC(F)F)ccc21,5.444905551421681,426.41900000000015,4.467200000000004,80.56000000000002
CHEMBL4070524,CCNC(=O)Nc1cc2c(-c3ccncc3)ccc(CNC(=O)OCCO)c2cn1,5.3979400086720375,409.4460000000002,2.6567000000000007,125.47000000000001
CHEMBL4064539,CCNC(=O)Nc1cc2c(-c3ccncc3)ccc(CNC(=O)OC)c2cn1,5.3979400086720375,379.42000000000013,3.294200000000002,105.24000000000001
CHEMBL4099469,CCNC(=O)Nc1cc2c(-c3ccnc(C)c3)ccc(CNC(=O)C3CC3)c2cn1,5.3979400086720375,403.4860000000002,3.772820000000003,96.01
CHEMBL4099988,CCNC(=O)Nc1cc2c(-c3ccncc3)ccc(CNC(=O)OC(C)C)c2cn1,5.3979400086720375,407.47400000000016,4.072800000000003,105.24000000000001
CHEMBL5590170,COc1ccc2ncc(F)c(CCN3CCC(NCc4ccc(C)cc4)CC3)c2n1,5.3979400086720375,408.5210000000002,3.882620000000003,50.28
CHEMBL457468,COC1CC(c2ccccc2)=NN1/C(C)=N\OC(=O)c1ccco1,5.3979400086720375,327.3400000000001,2.8523000000000014,76.63
CHEMBL8,O=C(O)c1cn(C2CC2)c2cc(N3CCNCC3)c(F)cc2c1=O,5.301029995663981,331.34700000000004,1.5833,74.57
CHEMBL4127740,COc1cc(O)c2c(c1C(C)=O)OC(C)(C)C=C2,5.1249387366083,248.27799999999996,2.787600000000001,55.760000000000005
CHEMBL4448131,O=C1COc2ccc(N3C[C@H](CCCN[C@@H]4Cn5c(=O)ccc6ccc(F)c4c65)OC3=O)nc2N1,5.096910013008056,479.4680000000002,2.3163999999999993,114.79
CHEMBL4091200,CCNC(=O)Nc1cc2c(-c3ccnc(C)c3)ccc(COC(=O)N[C@@H]3CCNC[C@H]3F)c2cn1,5.096910013008056,480.54400000000027,3.6728200000000024,117.27
CHEMBL4071960,CCNC(=O)Nc1cc2c(-c3ccnc(C)c3)ccc(COC(=O)N[C@@H]3CCNC[C@@H]3F)c2cn1,5.096910013008056,480.54400000000027,3.6728200000000024,117.27
CHEMBL4098937,CCNC(=O)Nc1cc2c(-c3ccnc(C)c3)ccc(COC(=O)NC3CCNCC3)c2cn1,5.096910013008056,462.5540000000003,3.724820000000002,117.27
CHEMBL4087439,CCNC(=O)Nc1cc2c(-c3ccnc(C)c3)ccc(COC(=O)N3CCN(C)CC3)c2cn1,5.096910013008056,462.55400000000037,3.630620000000003,99.68999999999998
CHEMBL4081451,CCNC(=O)Nc1cc2c(-c3ccnc(C)c3)ccc(COC(=O)N3CCNCC3)c2cn1,5.096910013008056,448.5270000000003,3.288420000000002,108.47999999999999
CHEMBL4078126,CCNC(=O)Nc1cc2c(-c3ccnc(C)c3)ccc(CNC(=O)OC)c2cn1,5.096910013008056,393.4470000000002,3.6026200000000026,105.24000000000001
CHEMBL4083966,CCNC(=O)Nc1cc2c(-c3ccnc(C)c3)ccc(CNC(=O)CCOC)c2cn1,5.096910013008056,421.50100000000026,3.399320000000002,105.24000000000001
CHEMBL4061762,C#CCOC(=O)NCc1ccc(-c2ccnc(C)c2)c2cc(NC(=O)NCC)ncc12,5.096910013008056,417.46900000000016,3.606020000000002,105.24
CHEMBL4096181,CCNC(=O)Nc1cc2c(-c3ccnc(C)c3)ccc(Cn3ccnn3)c2cn1,5.096910013008056,387.4470000000001,3.386420000000003,97.62
CHEMBL4092234,CCNC(=O)Nc1cc2c(-c3ccncc3)ccc(CNC(=O)OCCNCC(C)(C)C)c2cn1,5.096910013008056,478.5970000000003,4.300100000000003,117.27000000000001
CHEMBL4091332,CCNC(=O)Nc1cc2c(-c3ccnc(C)c3)ccc(CNC(=O)OC3CCNCC3(F)F)c2cn1,5.096910013008056,498.5340000000003,3.9700200000000025,117.27000000000001
CHEMBL4070393,CCNC(=O)Nc1cc2c(-c3ccnc(C)c3)ccc(CNC(=O)OCCOC)c2cn1,5.096910013008056,437.5000000000003,3.619220000000002,114.47000000000001
CHEMBL4100423,CCNC(=O)Nc1cc2c(-c3ccnc(C)c3)ccc(CNC(C)=O)c2cn1,5.096910013008056,377.44800000000015,3.3827200000000017,96.01
CHEMBL4074808,CCNC(=O)Nc1cc2c(-c3ccncc3)ccc(Nc3cccnc3)c2cn1,5.096910013008056,384.44300000000004,4.576800000000003,91.83
CHEMBL4128159,COc1c(F)c(OC)c2c(c1C(C)=O)OC(C)(C)C(OC)C2F,5.022276394711152,330.327,3.2421000000000024,53.99000000000001
CHEMBL363449,CC1CCc2c(N3CCC(O)CC3)c(F)cc3c(=O)c(C(=O)O)cn1c23,5.0,360.3850000000001,2.3071,82.77000000000001
CHEMBL4130077,COc1cc(OC)c2c(c1C(C)=O)OC(C)(C)[C@H](O)[C@@H]2O,5.0,296.31899999999996,1.4716999999999998,85.22000000000001
CHEMBL4851183,COc1ccc2ccc(F)c(C[C@H](O)[C@H]3OC[C@H](NCc4cc5c(cn4)OCCO5)CO3)c2n1,4.886056647693163,471.4850000000003,1.9833999999999998,104.19000000000001
CHEMBL4872821,COc1ccc2ncc(F)c(C[C@H](O)[C@H]3OC[C@H](NCc4ccc(C)cc4)CO3)c2c1,4.853871964321762,426.48800000000017,3.1256200000000014,72.84
CHEMBL1235773,COc1ccc2ncc(C#N)c(CCN3CCC(NCc4cc5c(cn4)OCS5)CC3)c2c1,4.853871964321762,461.5910000000003,3.7487800000000027,83.3
CHEMBL4847090,Cc1[nH]c(C(=O)Nc2nc3c(F)cc(C(=O)O)cc3s2)c(Cl)c1Cl,4.769551078621726,388.2070000000001,4.329220000000001,95.08
CHEMBL4864841,COc1ccc2ncc(=O)n(CC(O)[C@H]3OC[C@H](NCc4ccc5c(c4)OCCO5)CO3)c2c1,4.721246399047171,469.4940000000003,1.0684999999999993,113.30000000000001
CHEMBL4847190,Cc1[nH]c(C(=O)Nc2nc3c(O)cc(C(=O)O)cc3s2)c(Cl)c1Cl,4.657577319177793,386.2160000000001,3.8957200000000007,115.31000000000002
CHEMBL4854247,COc1ccc2ncc(F)c(C(O)C[C@H]3OC[C@H](NCc4ccc5c(c4)OCCO5)CO3)c2n1,4.657577319177793,471.4850000000003,2.5035000000000007,104.19000000000001
CHEMBL4167345,Cc1ccc(-n2nnnc2NCc2ccco2)cc1Cl,4.642065152999546,289.72600000000006,2.829220000000001,68.77000000000001
CHEMBL4851285,Cc1[nH]c(C(=O)Nc2nc3ccc(C(=O)O)cc3s2)c(Cl)c1Br,4.619788758288394,414.66800000000006,4.299220000000001,95.08
CHEMBL4877458,Cc1[nH]c(C(=O)Nc2nc3ccc(-c4nnn[nH]4)cc3s2)c(Cl)c1Cl,4.6020599913279625,394.2470000000002,3.6720200000000007,112.24000000000001
CHEMBL2424884,COc1ccc2nccc(CC[C@@H]3CC[C@@H](NCc4cc5c(cn4)OCCO5)CO3)c2n1,4.522878745280337,436.5120000000002,3.074600000000001,87.62
CHEMBL4073597,CCNC(=O)Nc1cc2c(-c3ccnc(C)c3)ccc(CNC(=O)OCCO)c2cn1,4.522878745280337,423.47300000000024,2.9651200000000015,125.47000000000001
CHEMBL4075854,CCNC(=O)Nc1cc2c(-c3ccc(C#N)cc3)ccc(C)c2cn1,4.522878745280337,330.3910000000001,4.223300000000003,77.81
CHEMBL4077466,CCNC(=O)Nc1cc2c(-c3ccncc3)ccc(CNC(=O)OCCNC)c2cn1,4.522878745280337,422.4890000000002,2.883800000000001,117.27000000000001
CHEMBL4099715,CCNC(=O)Nc1cc2c(-c3ccncc3)ccc(C)c2cn1,4.522878745280337,306.369,3.746620000000002,66.91
CHEMBL4093773,CCNC(=O)Nc1cc2c(-c3ccncc3)ccc(Oc3cccnc3)c2cn1,4.522878745280337,385.4270000000001,4.625500000000003,89.03
CHEMBL2424899,COc1ccc2nccc(C(O)C[C@@H]3CC[C@@H](NCc4ccc5c(n4)NC(=O)CS5)CO3)c2n1,4.522878745280337,481.57800000000026,2.8385000000000007,118.49000000000001
CHEMBL4086418,CCNC(=O)Nc1cc2c(-c3ccnc(C)c3)ccc(C)c2cn1,4.522878745280337,320.3960000000001,4.055040000000003,66.91
CHEMBL2424885,COc1ccc2nccc([C@@H](O)[C@H](O)[C@@H]3CC[C@@H](NCc4ccc5c(n4)NC(=O)CS5)CO3)c2n1,4.522878745280337,497.5770000000003,1.8092999999999997,138.72
CHEMBL2424883,COc1ccc2nccc(CC[C@@H]3CC[C@@H](NCc4ccc5c(n4)NC(=O)CS5)CO3)c2n1,4.522878745280337,465.5790000000002,3.3476000000000017,98.26
CHEMBL2424876,COc1ccc2ncc(F)c([C@@H](O)[C@H](O)[C@@H]3CC[C@@H](NCc4cc5c(cn4)OCCO5)CO3)c2n1,4.522878745280337,486.50000000000034,1.6754,128.08
CHEMBL2424836,COc1cnc2cccc([C@@H](O)[C@H](O)[C@@H]3CC[C@@H](NCc4ccc5c(n4)NC(=O)CS5)CO3)c2n1,4.522878745280337,497.5770000000003,1.8092999999999997,138.72
CHEMBL2424893,COc1ccc2nccc(NC(=O)[C@H]3CC[C@H](NCc4ccc5c(n4)NC(=O)CS5)CC3)c2n1,4.522878745280337,478.5780000000003,3.364700000000002,118.13000000000001
CHEMBL2424890,COc1ccc2cccc([C@@H](O)[C@H](O)[C@@H]3CC[C@@H](NCc4ccc5c(n4)NC(=O)CS5)CO3)c2n1,4.522878745280337,496.5890000000003,2.4143,125.83000000000001
CHEMBL2424889,COc1ccc2nccc([C@H](O)[C@@H](O)[C@H]3CC[C@H](NCc4ccc5c(n4)NC(=O)CS5)CO3)c2n1,4.522878745280337,497.5770000000003,1.8092999999999997,138.72
CHEMBL2424886,COc1ccc2nccc([C@@H](O)[C@H](O)[C@@H]3CC[C@@H](NCc4cc5c(cn4)OCCO5)CO3)c2n1,4.522878745280337,468.51000000000033,1.5362999999999998,128.08
CHEMBL2165064,N#Cc1ccc2ccc(=O)n(CCN3CC[C@H](NCc4cc5c(cn4)OCCO5)[C@H](F)C3)c2c1,4.522878745280337,463.51300000000026,2.24158,92.41000000000001
CHEMBL4877845,COc1ccc2ncc(F)c(C[C@H](O)[C@H]3OC[C@H](NCc4ccc5c(c4)OCCO5)CO3)c2c1,4.508638306165727,470.4970000000003,2.5884,91.30000000000001
CHEMBL4874918,CCN(C(=O)c1[nH]c(C)c(Cl)c1Cl)c1nc2ccc(C(=O)O)cc2s1,4.494850021680094,398.27100000000013,4.604520000000002,86.29
CHEMBL4752708,Cc1[nH]c(C(=O)Nc2nc3ccc(NC(=O)C(=O)O)cc3s2)c(Cl)c1Cl,4.42021640338319,413.2420000000001,3.5150200000000007,124.17999999999999
CHEMBL4865826,COc1ccc2ncc(F)c(C[C@H](O)[C@H]3OC[C@H](NCc4cc5c(cn4)OCCO5)CO3)c2n1,4.4089353929735005,472.4730000000003,1.3783999999999994,117.08000000000001
CHEMBL4787821,COc1ccc2nccc(CC[C@H]3OC[C@H](NC(=O)c4ccc5c(n4)NC(=O)CO5)CO3)c2c1,4.3979400086720375,464.47800000000024,2.0733999999999995,120.9
CHEMBL4853297,COc1ccc2ncc(F)c(C[C@H](O)[C@H]3OC[C@H](NCc4cc5c(cn4)OCCO5)CO3)c2c1,4.376750709602099,471.4850000000003,1.9833999999999996,104.19000000000001
CHEMBL4855186,COc1ccc2ccc(F)c(C[C@H](O)[C@H]3OC[C@H](NCc4ccc(Cl)c(Cl)c4)CO3)c2n1,4.366531544420414,481.3510000000002,4.124000000000003,72.84
CHEMBL4850231,COc1cc(C(=O)O)cc2sc(NC(=O)c3[nH]c(C)c(Cl)c3Cl)nc12,4.356547323513813,400.24300000000017,4.198720000000002,104.30999999999999
CHEMBL5200272,O=c1ccc2ncc(F)c3c2n1CC3C[C@H]1OC[C@H](NCc2ccc3c(c2)OCCO3)CO1,4.327902142064283,453.4700000000003,2.3254,83.84000000000002
CHEMBL3317856,O=c1ccc2ncc(=O)n3c2n1C[C@H]3CN1CCC(NCc2cc3c(cn2)OCCC3)CC1,4.327902142064283,448.5270000000003,1.0870999999999995,94.28
CHEMBL4858015,Cc1[nH]c(C(=O)Nc2nc3c(OCCN)cc(C(=O)O)cc3s2)c(Cl)c1Cl.Cl,4.318758762624412,465.74600000000004,3.9494200000000013,130.32999999999998
CHEMBL5417501,COc1ccc2nccc(OC[C@@H]3CC[C@@H](NCc4cc(F)c(Br)c(F)c4)CO3)c2n1,4.251811972993799,494.3360000000001,4.395300000000003,65.5
CHEMBL4875838,COc1ccc2ncc(F)c(C[C@H](O)[C@H]3OC[C@H](NCc4ccc(Cl)c(Cl)c4)CO3)c2c1,4.251811972993799,481.35100000000017,4.124000000000002,72.84
CHEMBL4869090,COc1ccc2ncc(F)c(C[C@H](O)[C@H]3OC[C@H](NCc4cc5c(nn4)OCCS5)CO3)c2c1,4.251811972993799,488.5410000000003,2.0916999999999994,107.85000000000001
CHEMBL4863169,Cc1[nH]c(C(=O)Nc2nc3ccc(C(N)=O)cc3s2)c(Cl)c1Cl,4.229147988357856,369.23300000000006,3.590820000000001,100.87
CHEMBL4867964,COc1ccc2ncc(F)c(C[C@H](O)[C@H]3OC[C@H](NCc4ccc5c(c4)OCCO5)CO3)c2n1,4.221848749616356,471.4850000000003,1.9833999999999998,104.19000000000001
CHEMBL4755744,COc1ccc2nccc(CC[C@H]3OC[C@H](NC(=O)c4ccc5c(c4)NC(=O)CO5)CO3)c2c1,4.221848749616356,463.49000000000024,2.678400000000001,108.01000000000002
CHEMBL4869929,COc1ccc2ncc(F)c(C[C@H](O)[C@H]3OC[C@H](NCc4cc5c(cn4)OCC(=O)N5)CO3)c2n1,4.214670164989233,485.47200000000026,0.9380999999999998,136.95000000000002
CHEMBL4862321,Cc1[nH]c(C(=O)Nc2nc3cc(O)c(C(=O)O)cc3s2)c(Cl)c1Cl,4.214670164989233,386.2160000000001,3.8957200000000007,115.31000000000002
CHEMBL4877359,COc1ccc2ncc(F)c(C(O)C[C@H]3OC[C@H](NCc4ccc5c(c4)OCCO5)CO3)c2c1,4.1938200260161125,470.4970000000003,3.108500000000001,91.30000000000001
CHEMBL5590983,COc1ccc2ncc(F)c(CCN3CCC([C@H](O)[C@H](O)c4ccc(C)cc4)CC3)c2n1,4.187086643357144,439.5310000000002,3.4349200000000026,78.71000000000001
CHEMBL6273,CN1CCN(c2c(F)cc3c(=O)c(C(=O)O)cn(CCF)c3c2F)CC1,4.164309428507575,369.3430000000002,1.6991999999999998,65.78
CHEMBL4857022,Cc1[nH]c(C(=O)Nc2nc3ccc(C(=O)NCCC(=O)O)cc3s2)c(Cl)c1Cl,4.1487416512809245,441.29600000000016,3.6964200000000016,124.17999999999999
CHEMBL4873935,Cc1[nH]c(C(=O)Nc2nc3ccc(C(=O)O)cc3s2)c(Cl)c1Cl,4.142667503568732,370.2170000000001,4.190120000000001,95.08
CHEMBL192226,CN1CCN(c2c(F)cc3c(=O)c(C(=O)O)cn(/C=C\F)c3c2F)CC1,4.141462802430361,367.3270000000001,2.1274000000000006,65.78
CHEMBL4867350,COc1ccc2ncc(F)c(C[C@H](O)[C@H]3OC[C@H](NCc4ccc5c(n4)NC(=O)CO5)CO3)c2c1,4.075720713938118,484.48400000000026,1.5430999999999995,124.06
CHEMBL4873479,COc1ccc2nccc(CCN3CCC(NCc4cc(F)c(Br)c(F)c4)CC3)c2n1,4.060480747381382,491.3800000000001,4.475800000000004,50.28
CHEMBL4848487,COc1ccc2ccc(F)c(C[C@H](O)[C@H]3OC[C@H](NCc4ccc5c(n4)NC(=O)CO5)CO3)c2n1,4.022276394711152,484.48400000000026,1.5431000000000001,124.06000000000002
CHEMBL4856026,COc1ccc2ncc(F)c(C[C@H](O)[C@H]3OC[C@H](NCc4cc5c(cn4)OCS5)CO3)c2n1,4.00436480540245,474.51400000000024,2.0491999999999995,107.85000000000001
CHEMBL4229089,COc1ccc2nccc(CC[C@H]3OC[C@H](NCc4ccc5c(c4)OCCO5)CO3)c2c1,4.0,436.50800000000027,3.478500000000002,71.07000000000001
CHEMBL4876514,COc1ccc2ncc(F)c(C(O)C[C@H]3OC[C@H](NCc4ccc(C)cc4)CO3)c2c1,3.958607314841775,426.48800000000017,3.6457200000000025,72.84
CHEMBL4862813,COc1ccc2ccc(F)c(C[C@H](O)[C@H]3OC[C@H](NCc4cc5c(nn4)OCCS5)CO3)c2n1,3.9208187539523753,488.5410000000003,2.0917,107.85000000000001
CHEMBL458404,CCC(=O)O/N=C(/C)N1N=C(C)CC1c1ccccc1OCc1ccc(F)cc1,3.9030899869919438,397.45000000000016,4.8140000000000045,63.489999999999995
CHEMBL2424895,COc1ccc2nccc(OC[C@@H]3CC[C@@H](NCc4ccc5c(n4)NC(=O)CS5)CO3)c2n1,3.9030899869919438,467.5510000000002,2.7938,107.49000000000001
CHEMBL2424887,COc1ccc2nccc([C@@H](O)[C@H](O)[C@H]3CC[C@H](NCc4ccc5c(n4)NC(=O)CS5)CO3)c2n1,3.9030899869919438,497.5770000000003,1.8092999999999997,138.72
CHEMBL2424894,O=c1ccc2ccc(F)c3c2n1CC3CN1CCC(NCc2cc3c(cn2)OCCO3)CC1,3.9030899869919438,450.5140000000003,2.658200000000001,68.62
CHEMBL4085057,CCNC(=O)Nc1cc2c(-c3cnn(C)c3)ccc(C)c2cn1.Cl,3.9030899869919438,345.834,3.5069200000000023,71.84
CHEMBL4063428,CCNC(=O)Nc1cc2c(-c3ccncc3)ccc(-c3cccnc3)c2cn1,3.9030899869919438,369.42800000000005,4.500200000000003,79.8
CHEMBL2424891,COc1cnc2cccc([C@@H](O)[C@H](O)[C@@H]3CC[C@@H](NCc4ccc5c(n4)NC(=O)CS5)CO3)c2c1,3.9030899869919438,496.5890000000003,2.4143,125.83
CHEMBL2424882,COc1ccc2nccc(/C=C/[C@@H]3CC[C@@H](NCc4cc5c(cn4)OCCO5)CO3)c2n1,3.9030899869919438,434.49600000000027,3.1552000000000016,87.62
CHEMBL2424881,COc1ccc2nccc(/C=C/[C@@H]3CC[C@@H](NCc4ccc5c(n4)NC(=O)CS5)CO3)c2n1,3.9030899869919438,463.5630000000002,3.4282000000000012,98.26
CHEMBL2424873,COc1cnc2ccc(F)c([C@@H](O)[C@H](O)[C@@H]3CC[C@@H](NCc4cc5c(cn4)OCCO5)CO3)c2n1,3.9030899869919438,486.5000000000003,1.6754,128.08
CHEMBL2424897,COc1ccc2nccc(NC(=O)[C@@H]3CC[C@@H](NCc4ccc5c(n4)NC(=O)CS5)CO3)c2n1,3.9030899869919438,480.5500000000003,2.3534999999999995,127.36000000000001
CHEMBL2424880,COc1ccc2nccc(C(O)C[C@@H]3CC[C@@H](NCc4cc5c(cn4)OCCO5)CO3)c2n1,3.9030899869919438,452.5110000000003,2.5655,107.85000000000002
CHEMBL4077461,CCNC(=O)Nc1cc2c(-c3cccnc3)ccc(C)c2cn1,3.9030899869919438,306.369,3.746620000000002,66.91
CHEMBL2424898,COc1ccc2nccc(NC(=O)[C@@H]3CC[C@@H](NCc4cc5c(cn4)OCCO5)CO3)c2n1,3.9030899869919438,451.48300000000035,2.0805,116.72000000000001
CHEMBL4759626,COc1ccc2nccc(CC[C@H]3OC[C@H](NC(=O)c4ccc5c(c4)NC(=O)CS5)CO3)c2c1,3.886056647693163,479.5580000000002,3.391700000000002,98.78000000000002
CHEMBL5284259,COc1ccc2ccc(F)c(CC(=O)N/N=C/c3ccc(F)cc3F)c2n1,3.853871964321762,373.334,3.353500000000002,63.58
CHEMBL4874489,COc1ccc2ncc(F)c(C[C@H](O)[C@H]3OC[C@H](NCc4cc5c(cn4)OCCC5)CO3)c2n1,3.853871964321762,470.5010000000003,1.9321999999999997,107.85000000000001
CHEMBL4846316,COc1ccc2ncc(F)c(C(O)C[C@H]3OC[C@H](NCc4cc5c(cn4)OCCO5)CO3)c2n1,3.7958800173440754,472.4730000000003,1.8984999999999996,117.08000000000001
CHEMBL4869986,COc1ccc2ncc(F)c(C[C@H](O)[C@H]3OC[C@H](NCc4ccc(Cl)c(Cl)c4)CO3)c2n1,3.7958800173440754,482.33900000000017,3.519000000000001,85.73
CHEMBL4863171,COc1ccc2ncc(F)c(C(O)C[C@H]3OC[C@H](NCc4ccc(Cl)c(Cl)c4)CO3)c2c1,3.7958800173440754,481.35100000000017,4.6441000000000034,72.84
CHEMBL4868523,COc1ccc2ncc(F)c(C[C@H](O)[C@H]3OC[C@H](NCc4ccc(C)cc4)CO3)c2n1,3.7958800173440754,427.47600000000017,2.52062,85.73
CHEMBL4537408,O=c1ccc2ncc(=O)n3c2n1CC3CN1CCC(NCc2cc3c(cn2)OCCC3)CC1,3.769551078621726,448.5270000000003,1.0870999999999995,94.28
CHEMBL4787145,COc1ccc2nccc(CC[C@H]3OC[C@H](NC(=O)c4ccc5c(n4)NC(=O)CS5)CO3)c2c1,3.769551078621726,480.5460000000002,2.7867000000000006,111.67
CHEMBL4847572,O=C(O)c1cc(O)c2nc(NC(=O)c3cc(Br)c(Br)[nH]3)sc2c1,3.769551078621726,461.091,3.8054999999999994,115.31
CHEMBL4879088,COc1ccc2nccc(CCN3CCC(NCc4cc(F)c(Cl)c(F)c4)CC3)c2n1,3.7644715530924513,446.9290000000001,4.366700000000003,50.28
CHEMBL5199813,COc1ccc2ncc(F)c(CCCN3CCN(C/C=C/c4ccccc4)C[C@@H]3C(=O)O)c2c1,3.721246399047171,463.55300000000017,4.099300000000003,65.9
CHEMBL4868908,COc1ccc2nccc(CCN3CCC(NCc4ccc(Br)c(F)c4)CC3)c2n1,3.705533773838407,473.3900000000001,4.336700000000004,50.28
CHEMBL5395597,COc1ccc2nccc(CCN3CCC(NC(=O)c4cc(F)c(Cl)c(F)c4)CC3)c2n1,3.657577319177794,460.91200000000015,4.006900000000003,67.35
CHEMBL4850745,COc1ccc2ncc(F)c(C(O)C[C@H]3OC[C@H](NCc4ccc(Cl)c(Cl)c4)CO3)c2n1,3.657577319177794,482.33900000000017,4.039100000000003,85.73
CHEMBL5171625,COc1ccc2ncc(F)c(C[C@H](O)[C@H]3OC[C@H](NC(=O)c4ccc5c(c4)OCCO5)CO3)c2n1,3.6382721639824074,485.4680000000003,1.6236,121.26000000000002
CHEMBL5201666,O=c1ccc2ccc(F)c3c2n1CC3C[C@H]1OC[C@H](NCc2ccc3c(c2)OCCO3)CO1,3.6382721639824074,452.48200000000026,2.9304000000000006,70.95
CHEMBL4862136,COc1ccc2nccc(CCN3CCC(NCc4ccc(Cl)c(F)c4)CC3)c2n1,3.6270879970298933,428.9390000000001,4.227600000000003,50.28
CHEMBL5595242,COc1ccc2ncc(F)c(CCN3CCC(C(O)Cc4ccc(C)cc4)CC3)c2n1,3.619788758288394,423.5320000000002,3.9440200000000027,58.480000000000004
CHEMBL4792173,Cc1[nH]c(C(=O)Nc2ccc3nc(NC(=O)C(=O)O)sc3c2)c(Cl)c1Cl,3.6020599913279625,413.2420000000001,3.5150200000000007,124.17999999999999
CHEMBL2424835,COc1ccc2nccc([C@@H](O)[C@H](O)[C@@H]3CC[C@@H](NCc4ccc5c(n4)NC(=O)CS5)CO3)c2c1,3.6020599913279625,496.5890000000003,2.4143,125.83
CHEMBL4786782,Cc1[nH]c(C(=O)Nc2nc3ccc(NC(=O)CNC(=O)OC(C)(C)C)cc3s2)c(Cl)c1Cl,3.5850266520291822,498.3920000000003,4.9551200000000035,125.21
CHEMBL3759063,O=c1ccc2c(-c3cnc(-c4cccnc4)s3)n[nH]c2[nH]1,3.576754126063192,295.327,2.436699999999999,87.32
CHEMBL5207657,COc1ccc2ncc(F)c(/C=C\CN3CCN(CCSc4cccs4)C[C@@H]3C(=O)O)c2c1,3.552841968657781,487.62200000000024,4.320300000000003,65.9
CHEMBL5178214,COc1ccc2ncc(F)c(CCCN3CCN(C/C=C/c4cc(F)ccc4F)C[C@@H]3C(=O)O)c2c1,3.552841968657781,499.5330000000002,4.377500000000003,65.9
CHEMBL4763664,Cc1[nH]c(C(=O)Nc2ccc(C(=O)NCC(=O)O)cc2O[C@H]2CCNC2)c(Cl)c1Cl.Cl,3.537602002101044,491.7590000000002,2.8591200000000003,132.55
CHEMBL4866587,Cc1[nH]c(C(=O)Nc2nc3ccc(C(=O)NCC#N)cc3s2)c(Cl)c1Cl,3.5086383061657274,408.2700000000001,3.745300000000001,110.66999999999999
CHEMBL4751977,COc1ccc2nccc(CC[C@H]3OC[C@H](NC(=O)c4cccc(Cl)c4)CO3)c2c1,3.494850021680094,426.90000000000015,4.000900000000003,69.68
CHEMBL4862951,COc1ccc2nccc(CCN3CCC(NCc4ccc(Br)c(F)c4F)CC3)c2n1,3.486782399932061,491.3800000000001,4.475800000000004,50.28
CHEMBL4229223,COc1ccc2nccc(CC[C@H]3OC[C@H](NCc4cc5c(cn4)OCCC5)CO3)c2c1,3.4814860601221125,435.5240000000003,3.4273000000000025,74.73
CHEMBL4866999,COc1ccc2nccc(CCN3CCC(NCc4cc(F)c(Br)cc4F)CC3)c2n1,3.4485500020271247,491.3800000000001,4.475800000000004,50.28
CHEMBL4228258,COc1ccc2nccc(CC[C@H]3OC[C@H](NCc4cc5c(cn4)OCCO5)CO3)c2c1,3.4436974992327127,437.49600000000027,2.873500000000001,83.96000000000001
CHEMBL4877691,COc1ccc2ncc(F)c(C(O)C[C@H]3OC[C@H](NCc4cc5c(nn4)OCCS5)CO3)c2c1,3.431798275933005,488.5410000000003,2.6118000000000006,107.85000000000001
CHEMBL5176134,COc1ccc2ncc(F)c(CCCN3CCN(CCSc4cccs4)C[C@@H]3C(=O)O)c2c1,3.431798275933005,489.6380000000002,4.239700000000003,65.9
CHEMBL4781272,Cc1[nH]c(C(=O)Nc2nc3ccc(NC(=O)CN)cc3s2)c(Cl)c1Cl.Cl,3.42021640338319,434.73600000000005,3.8109200000000016,112.89999999999999
CHEMBL4792402,CC(=O)Nc1ccc2nc(NC(=O)c3[nH]c(C)c(Cl)c3Cl)sc2c1,3.3979400086720375,383.26000000000005,4.450320000000001,86.88
CHEMBL4756699,COc1ccc2nccc(CC[C@H]3OC[C@H](NC(=O)c4ccc(C)cc4)CO3)c2c1,3.3872161432802645,406.48200000000014,3.655920000000002,69.68
CHEMBL5394250,COc1ccc2nccc(OC[C@@H]3CC[C@@H](NC(=O)c4cc(F)c(Cl)c(F)c4)CO3)c2n1,3.3516399890190685,463.86800000000017,3.926400000000002,82.57000000000001
CHEMBL5176046,COc1ccc2ncc(F)c(CCCN3CCN(CCCc4ccccc4)C[C@@H]3C(=O)O)c2c1,3.337242168318426,465.56900000000024,4.018700000000003,65.9
CHEMBL5206355,COc1ccc2ncc(F)c(C#CCN3CCN(CCSc4cccs4)C[C@@H]3C(=O)O)c2c1,3.318758762624413,485.6060000000002,3.6586000000000025,65.9
CHEMBL4850124,O=C(O)c1ccc2nc(NC(=O)c3cc(Cl)c(Cl)[nH]3)sc2c1,3.3010299956639813,356.19,3.8817000000000004,95.07999999999998
CHEMBL4074016,CCNC(=O)Nc1cc2c(-c3cncnc3)ccc(C)c2cn1,3.3010299956639813,307.357,3.1416200000000014,79.8
CHEMBL2424896,COc1ccc2nccc(OC[C@@H]3CC[C@@H](NCc4cc5c(cn4)OCCO5)CO3)c2n1,3.3010299956639813,438.48400000000026,2.5208000000000004,96.85000000000001
CHEMBL4059472,CCNC(=O)Nc1cc2c(-c3ccncn3)ccc(C)c2cn1,3.3010299956639813,307.357,3.1416200000000014,79.8
CHEMBL2424888,COc1ccc2nccc([C@H](O)[C@@H](O)[C@@H]3CC[C@@H](NCc4ccc5c(n4)NC(=O)CS5)CO3)c2n1,3.3010299956639813,497.5770000000003,1.8092999999999997,138.72
CHEMBL4848795,COc1ccc2ncc(F)c(C(O)C[C@H]3OC[C@H](NCc4ccc5c(n4)NC(=O)CO5)CO3)c2c1,3.283996656365201,484.48400000000026,2.0631999999999997,124.06
CHEMBL5204986,COc1ccc2ncc(F)c(CCCN3CCN(CCc4ccccc4)C[C@@H]3C(=O)O)c2c1,3.2676062401770314,451.5420000000002,3.6286000000000023,65.9
CHEMBL4858549,COc1ccc2nccc(CCN3CCC(NCc4ccc(Br)cc4)CC3)c2n1,3.2441251443275085,455.4000000000001,4.197600000000003,50.28
CHEMBL5195074,O=c1ccc2ccc(F)c3c2n1CC3C[C@H]1OC[C@H](NCc2cc3c(cn2)OCCC3)CO1,3.2365720064370627,451.4980000000003,2.879200000000001,74.61
CHEMBL4225469,COc1ccc2nccc(CC[C@H]3OC[C@H](NCc4ccc5c(n4)NC(=O)CS5)CO3)c2c1,3.2291479883578558,466.5630000000002,3.1465000000000014,94.60000000000001
CHEMBL4756100,COc1ccc2nccc(CC[C@H]3OC[C@H](NC(=O)c4ccc(Cl)c(Cl)c4)CO3)c2c1,3.2291479883578558,461.3450000000002,4.654300000000004,69.68
CHEMBL4879360,COc1ccc2ncc(F)c(C(O)C[C@H]3OC[C@H](NCc4cc5c(cn4)OCCO5)CO3)c2c1,3.2218487496163566,471.4850000000003,2.5035000000000007,104.19000000000001
CHEMBL4781609,COc1ccc2nccc(CC[C@H]3OC[C@H](NC(=O)c4ccc(Cl)cc4)CO3)c2c1,3.214670164989233,426.90000000000015,4.000900000000003,69.68
CHEMBL371124,CN1CCN(c2c(F)cc3c(=O)c(C(=O)O)cn(/C=C/F)c3c2F)CC1,3.1778319206319825,367.3270000000001,2.1274000000000006,65.78
CHEMBL1774147,COc1c(N2CC[C@@H]([C@H](C)N)C2)c(F)cc2c(=O)c3c(=O)[nH]sc3n(C3CC3)c12,3.167491087293764,418.49400000000014,2.560600000000001,93.35
CHEMBL1256993,COc1c(N2CC[C@@H](C(C)(C)N)C2)c(F)cc2c(=O)c3c(=O)[nH]sc3n(C3CC3)c12,3.167491087293764,432.5210000000002,2.950700000000001,93.35
CHEMBL5176331,COc1ccc2ncc(F)c(/C=C/CN3CCN(CCSc4cccs4)C[C@@H]3C(=O)O)c2c1,3.167491087293764,487.62200000000024,4.320300000000003,65.9
CHEMBL4847369,Cc1[nH]c(C(=O)Nc2nc3ccc(C(=O)NO)cc3s2)c(Cl)c1Cl,3.1426675035687315,385.2320000000001,3.610920000000001,107.11
CHEMBL4225730,COc1ccc2nccc(CC[C@H]3OC[C@H](NCc4ccc5c(c4)NC(=O)CO5)CO3)c2c1,3.1307682802690238,449.50700000000023,3.0382000000000007,90.94000000000001
CHEMBL4224881,COc1ccc2nccc(CC[C@H]3OC[C@H](NCc4ccc5c(n4)NC(=O)CO5)CO3)c2c1,3.1079053973095196,450.49500000000023,2.4332000000000003,103.83000000000001
CHEMBL4856816,COc1ccc2ncc(F)c(C[C@H](O)[C@H]3OC[C@H](NCc4cc5c(nn4)OCCO5)CO3)c2c1,3.0757207139381184,472.4730000000003,1.3783999999999996,117.08000000000001
CHEMBL4875532,COc1ccc2ncc(F)c(C[C@H](O)[C@H]3OC[C@H](NCc4cc5c(cn4)OCO5)CO3)c2n1,3.070581074285707,458.44600000000025,1.3358999999999996,117.08000000000001
CHEMBL4857352,O=C(O)c1ccc2nc(NC(=O)c3cc(Br)c(Br)[nH]3)sc2c1,3.0,445.092,4.099900000000001,95.07999999999998
CHEMBL4856321,Cc1[nH]c(C(=O)Nc2nc3cc(C(=O)O)ccc3s2)c(Cl)c1Cl,3.0,370.2170000000001,4.190120000000001,95.08
CHEMBL4856813,COc1ccc2nc(NC(=O)c3[nH]c(C)c(Cl)c3Cl)sc2c1,3.0,356.2340000000001,4.500520000000002,67.00999999999999
CHEMBL4863907,Cc1[nH]c(C(=O)Nc2nc3ccc(C#N)cc3s2)c(Cl)c1Cl,3.0,351.2180000000001,4.363600000000001,81.57
CHEMBL4866508,Cc1[nH]c(C(=O)N(c2nc3ccc(C(=O)O)cc3s2)C(C)C)c(Cl)c1Cl,3.0,412.2980000000001,4.993020000000003,86.29
CHEMBL4877862,O=C(NO)c1ccc2nc(NC(=O)c3cc(Br)c(Br)[nH]3)sc2c1,3.0,460.107,3.5207000000000006,107.10999999999999
CHEMBL4857324,Cc1[nH]c(C(=O)N(c2nc3ccc(C(=O)O)cc3s2)C2CC2)c(Cl)c1Cl,3.0,410.28200000000015,4.747020000000003,86.29
CHEMBL1774153,CN[C@@H](C)[C@@H]1CCN(c2c(F)cc3c(=O)c4c(=O)[nH]sc4n(C4CC4)c3c2OC)C1,2.958607314841775,432.5210000000002,2.821300000000001,79.36
CHEMBL4759488,COc1ccc2nccc(CC[C@H]3OC[C@H](NC(=O)c4ccc(C(F)(F)F)cc4)CO3)c2c1,2.958607314841775,460.4520000000001,4.366300000000003,69.68
CHEMBL1276635,CC[C@@H]1CCN(c2c(F)cc3c(=O)c(C(=O)O)cn(C4CC4)c3c2OC)C1,2.958607314841775,374.4120000000002,3.4186000000000023,71.77
CHEMBL3344011,O=C(O)CCCC(=O)Nc1ccc(-c2nc3cc(F)ccc3[nH]2)cc1,2.9469215565165805,341.34200000000004,3.562400000000001,95.07999999999998
CHEMBL4228182,COc1ccc2nccc(CC[C@H]3OC[C@H](NCc4ccc(Cl)cc4)CO3)c2c1,2.9208187539523753,412.9170000000001,4.360700000000003,52.61
CHEMBL4755530,COc1ccc2nccc(CC[C@H]3OC[C@H](NC(=O)c4ccc(C(C)(C)C)cc4)CO3)c2c1,2.886056647693163,448.5630000000002,4.645000000000004,69.68
CHEMBL4747775,Cc1[nH]c(C(=O)Nc2nc3ccc(NC(N)=O)cc3s2)c(Cl)c1Cl,2.886056647693163,384.24800000000016,3.982520000000001,112.9
CHEMBL1774264,COc1c(N2CC[C@@H]([C@H](C)NCCF)C2)c(F)cc2c(=O)c3c(=O)[nH]sc3n(C3CC3)c12,2.87942606879415,464.53800000000024,3.1610000000000014,79.36000000000001
CHEMBL3759862,O=c1cc(-c2ccccc2)c2c(-c3cnc(-c4cccnc4)s3)n[nH]c2[nH]1,2.87942606879415,371.425,4.103700000000003,87.32
CHEMBL5208691,O=C1CSc2ccc(CN[C@H]3CO[C@H](CC4Cn5c(=O)ccc6ncc(F)c4c65)OC3)nc2N1,2.853871964321762,483.5250000000002,1.9933999999999996,107.37
CHEMBL2159976,COc1ccc2nccc([C@@H](O)CC[C@@H]3CCN(CCSc4cccs4)C[C@@H]3C(=O)O)c2c1,2.853871964321762,486.6590000000002,4.933500000000004,82.89
CHEMBL4744292,COc1ccc2nccc(CC[C@H]3OC[C@H](NC(=O)c4ccc(OC(F)(F)F)cc4)CO3)c2c1,2.853871964321762,476.45100000000014,4.246100000000004,78.91000000000001
CHEMBL4793192,Cc1[nH]c(C(=O)Nc2nc3ccc(NC(=O)CCN)cc3s2)c(Cl)c1Cl.Cl,2.8239087409443187,448.7630000000001,4.201020000000002,112.89999999999999
CHEMBL5197372,O=C1COc2ccc(CN[C@H]3CO[C@H](CC4Cn5c(=O)ccc6ccc(F)c4c65)OC3)nc2N1,2.7958800173440754,466.46900000000016,1.8850999999999989,103.71000000000001
CHEMBL219534,COc1c(-c2ccnc(C)c2)c(F)cc2c(=O)c3c(=O)[nH]sc3n(C3CC3)c12,2.7958800173440754,397.4310000000001,3.757520000000002,76.97999999999999
CHEMBL1276667,CC[C@@H]1CCN(c2c(F)cc3c(=O)n(N)c(=O)n(C4CC4)c3c2C)C1,2.7958800173440754,346.4060000000002,1.89572,73.26000000000002
CHEMBL3344044,O=C(O)CSCC(=O)Nc1ccc(-c2nc3cccnc3[nH]2)cc1,2.769551078621726,342.38000000000005,2.3811999999999998,107.97
CHEMBL5209188,O=c1ccc2ccc(F)c3c2n1CC3C[C@H]1OC[C@H](NCc2cc3c(nn2)OCCS3)CO1,2.769551078621726,470.52600000000024,2.4337,87.5
CHEMBL4861727,COc1ccc2nccc(CCN3CCC(NCc4ccc(Cl)cc4)CC3)c2n1,2.7670038896078464,410.94900000000007,4.088500000000003,50.28
CHEMBL5204820,O=c1ccc2ncc(F)c3c2n1CC3C[C@H]1OC[C@H](NCc2cc3c(nn2)OCCS3)CO1,2.744727494896694,471.5140000000003,1.8287,100.39000000000001
CHEMBL4786331,Cc1nc2c(=O)n(C3CC3)c3c(Cl)c(N4CC[C@@H]([C@H](C)N)C4)c(F)cc3c2o1,2.7399286120149253,404.8730000000001,3.7520200000000017,77.29
CHEMBL219216,COc1c(-c2ccc3c(c2)CNC3)c(F)cc2c(=O)c3c(=O)[nH]sc3n(C3CC3)c12,2.6989700043360187,423.46900000000016,3.657300000000001,76.12
CHEMBL3341781,O=C(O)CSCC(=O)Nc1ccc(-c2nc3cc([N+](=O)[O-])ccc3[nH]2)cc1,2.677780705266081,386.3890000000001,2.894400000000001,138.22
CHEMBL3344033,O=C(O)CCCCC(=O)Nc1ccc(-c2nc3cccnc3[nH]2)cc1,2.677780705266081,338.3670000000001,3.208400000000001,107.97
CHEMBL5190565,O=c1ccc2ncc(F)c3c2n1CC3C[C@H]1OC[C@H](NCc2cc3c(cn2)OCCC3)CO1,2.677780705266081,452.48600000000033,2.2742000000000004,87.50000000000001
CHEMBL436512,COc1c(-c2ccc3c(c2)CN[C@@H]3C)c(F)cc2c(=O)c3c(=O)[nH]sc3n(C3CC3)c12,2.677780705266081,437.4960000000002,4.218300000000002,76.12
CHEMBL3344019,O=C(O)CC(=O)Nc1ccc(-c2nc3cc([N+](=O)[O-])ccc3[nH]2)cc1,2.6516951369518393,340.295,2.5513000000000003,138.22
CHEMBL1276666,CC[C@@H]1CCN(c2c(F)cc3c(=O)n(N)c(=O)n(C4CC4)c3c2OC)C1,2.638272163982407,362.4050000000002,1.5959000000000003,82.49000000000002
CHEMBL3344036,O=C(O)COCC(=O)Nc1ccc(-c2nc3cc(F)ccc3[nH]2)cc1,2.537602002101044,343.314,2.4086999999999996,104.31
CHEMBL3344000,O=C(O)CCCC(=O)Nc1ccc(-c2nc3ccccc3[nH]2)cc1,2.537602002101044,323.35200000000003,3.423300000000001,95.07999999999998
CHEMBL3344041,COc1ccc2[nH]c(-c3ccc(NC(=O)COCC(=O)O)cc3)nc2c1,2.513994813637758,355.3500000000001,2.2782,113.53999999999999
CHEMBL3343999,Cc1cc2ncn(CC(O)COc3cccc(C(=O)O)c3)c2cc1C,2.505149978319906,340.3790000000001,2.79124,84.58
CHEMBL3344001,O=C(O)CCC(=O)Nc1ccc(NC(=O)c2ccco2)cc1,2.505149978319906,302.28600000000006,2.3352000000000004,108.64
CHEMBL3344030,O=C(O)CCC(=O)Nc1ccc(-c2nc3cccnc3[nH]2)cc1,2.505149978319906,310.31300000000005,2.4282000000000004,107.97
CHEMBL2380334,COc1ccc2nccc([C@@H](O)CC[C@@H]3CCN(C4CC(c5ccno5)C4)C[C@@H]3C(=O)O)c2c1,2.5044556624535517,465.55000000000024,4.013900000000002,108.92
CHEMBL220656,COc1c(-c2cc(C)nc(C)c2)c(F)cc2c(=O)c3c(=O)[nH]sc3n(C3CC3)c12,2.494850021680094,411.45800000000014,4.065940000000002,76.97999999999999
CHEMBL3759272,Cc1cc(=O)[nH]c2[nH]nc(-c3cnc(-c4cccnc4)s3)c12,2.4883839794308624,309.35400000000004,2.745120000000001,87.32000000000001
CHEMBL2159975,COc1ccc2nccc([C@H](O)CC[C@@H]3CCN(CCSc4cccs4)C[C@@H]3C(=O)O)c2c1,2.4814860601221125,486.6590000000002,4.933500000000004,82.89
CHEMBL5197477,O=c1ccc2ccc(F)c3c2n1CC3C[C@H]1OC[C@H](NCc2cc3c(nn2)OCCO3)CO1,2.4559319556497243,454.45800000000025,1.7203999999999997,96.73
CHEMBL5557868,COC(=O)CC(=O)Nc1nc2c(s1)C[C@@H](NC(=O)c1[nH]c(C)c(Br)c1Cl)CC2,2.431798275933005,489.7790000000002,2.984420000000002,113.18
CHEMBL4751243,COc1ccc2nccc(CC[C@H]3OC[C@H](NC(=O)c4ccc5c(c4)OCCO5)CO3)c2c1,2.431798275933005,450.49100000000027,3.1187000000000014,88.14000000000001
CHEMBL4764420,COc1ccc(C(=O)N[C@H]2CO[C@H](CCc3ccnc4ccc(OC)cc34)OC2)cc1,2.408935392973501,422.48100000000017,3.3561000000000023,78.91000000000001
CHEMBL5183589,O=C1COc2ccc(CN[C@H]3CO[C@H](CC4Cn5c(=O)ccc6ncc(F)c4c65)OC3)nc2N1,2.3767507096020997,467.45700000000016,1.2800999999999991,116.60000000000001
CHEMBL3344043,O=C(O)COCC(=O)Nc1ccc(-c2nc3cccnc3[nH]2)cc1,2.3279021420642825,326.312,1.6645999999999996,117.19999999999999
CHEMBL2159974,COc1ccc2nccc([C@@H](O)CC[C@@H]3CCN(CCSc4ccco4)C[C@@H]3C(=O)O)c2c1,2.3279021420642825,470.59100000000024,4.465000000000003,96.03000000000002
CHEMBL2382387,COc1ccc2nccc([C@@H](O)CC[C@@H]3CCN(C/C=C/c4ccccc4)C[C@@H]3C(=O)O)c2c1,2.3279021420642825,460.5740000000002,4.7931000000000035,82.89
CHEMBL3344037,O=C(O)CSCC(=O)Nc1ccc(-c2nc3cc(F)ccc3[nH]2)cc1,2.318758762624413,359.38200000000006,3.125300000000001,95.07999999999998
CHEMBL3344034,O=C(O)COCC(=O)Nc1ccc(-c2nc3ccccc3[nH]2)cc1,2.317854923626168,325.324,2.2695999999999996,104.31
CHEMBL5593239,COc1ccc2ncc(F)c(CCN3CCC(C(N)Cc4ccc(C)cc4)CC3)c2n1,2.2967086218813386,422.54800000000023,3.910420000000003,64.27
CHEMBL3344022,COC(=O)CCCC(=O)Nc1ccc(-c2nc3cc([N+](=O)[O-])ccc3[nH]2)cc1,2.275724130399211,382.37600000000015,3.419900000000001,127.22
CHEMBL3344026,COc1ccc2[nH]c(-c3ccc(NC(=O)CCCC(=O)O)cc3)nc2c1,2.2740883677049517,353.37800000000004,3.4319000000000015,104.31
CHEMBL430,CO/N=C1\CN(c2nc3c(cc2F)c(=O)c(C(=O)O)cn3C2CC2)CC1CN,2.2518119729937998,389.38700000000017,0.966,123.04
CHEMBL3344023,O=C(O)CCCCC(=O)Nc1ccc(-c2nc3cc([N+](=O)[O-])ccc3[nH]2)cc1,2.215382707367125,382.37600000000015,3.7216000000000014,138.22
CHEMBL3344021,O=C(O)CCCC(=O)Nc1ccc(-c2nc3cc([N+](=O)[O-])ccc3[nH]2)cc1,2.2132485778544386,368.3490000000001,3.331500000000001,138.22
CHEMBL3344005,O=C(O)CC(=O)Nc1ccc(-c2nc3ccccc3[nH]2)cc1,2.21289390696343,295.298,2.6431000000000004,95.07999999999998
CHEMBL3344008,O=C(O)CCCCC(=O)Nc1ccc(-c2nc3ccccc3[nH]2)cc1,2.21289390696343,337.3790000000001,3.8134000000000023,95.07999999999998
CHEMBL3344006,O=C(O)CCC(=O)Nc1ccc(-c2nc3ccccc3[nH]2)cc1,2.21289390696343,309.32500000000005,3.033200000000001,95.07999999999998
CHEMBL2382388,COc1ccc2nccc([C@@H](O)CC[C@@H]3CCN(C4CC(c5ncc(C)o5)C4)C[C@@H]3C(=O)O)c2c1,2.204119982655925,479.5770000000003,4.322320000000003,108.92
CHEMBL3344032,COC(=O)CCCC(=O)Nc1ccc(-c2nc3cccnc3[nH]2)cc1,2.167491087293764,338.3670000000001,2.9067000000000007,96.97
CHEMBL5201644,C[C@@H]1CN2c3c(cc4c(N5CC[C@H](O)C5)noc4c3F)CC3(C(=O)NC(=O)NC3=O)[C@H]2[C@H](C)O1,2.161150909262745,473.4610000000002,0.4286000000000002,137.23999999999998
CHEMBL3344031,O=C(O)CCCC(=O)Nc1ccc(-c2nc3cccnc3[nH]2)cc1,2.156144577376839,324.34000000000003,2.8183000000000007,107.97
CHEMBL3344013,O=C(O)CCCCC(=O)Nc1ccc(-c2nc3cc(F)ccc3[nH]2)cc1,2.1487416512809245,355.3690000000001,3.9525000000000023,95.07999999999998
CHEMBL4069982,CCNC(=O)Nc1cc2c(-c3cccnc3)cccc2cn1,2.0969100130080562,292.34200000000004,3.438200000000002,66.91
CHEMBL4078780,CCNC(=O)Nc1cc2cccc(C)c2cn1,2.0969100130080562,229.283,2.6846200000000007,54.02
CHEMBL1572180,Cc1sc2nc(SCC(=O)Nc3cccc(C(=O)O)c3)nc(O)c2c1C,2.0851281824599495,389.45800000000014,3.4427400000000015,112.41000000000001
CHEMBL3344020,O=C(O)CCC(=O)Nc1ccc(-c2nc3cc([N+](=O)[O-])ccc3[nH]2)cc1,2.079876673709276,354.32200000000006,2.9414000000000007,138.22
CHEMBL3344029,O=C(O)CC(=O)Nc1ccc(-c2nc3cccnc3[nH]2)cc1,2.050609993355087,296.286,2.0381,107.97
CHEMBL3344018,O=C(O)CCCCC(=O)Nc1ccc(-c2nc3cc(Cl)ccc3[nH]2)cc1,2.050122295963125,371.8240000000001,4.466800000000003,95.07999999999998
CHEMBL3344016,O=C(O)CCCC(=O)Nc1ccc(-c2nc3cc(Cl)ccc3[nH]2)cc1,2.039529222465701,357.7970000000001,4.076700000000002,95.07999999999998
CHEMBL2382366,COc1ccc2nccc([C@@H](O)CC[C@@H]3CCN(C4CC(c5cccc(C#N)c5)C4)C[C@@H]3C(=O)O)c2c1,2.0268721464003012,499.6110000000003,4.897580000000004,106.67999999999999
CHEMBL3344015,O=C(O)CCC(=O)Nc1ccc(-c2nc3cc(Cl)ccc3[nH]2)cc1,2.0087739243075053,343.77000000000004,3.686600000000002,95.07999999999998
CHEMBL3589080,O=C(O)CCC(=O)Nc1nc2c(s1)C[C@@H](NC(=O)c1cc(Cl)c(Cl)[nH]1)CC2,2.0,431.30100000000016,2.8686000000000007,124.17999999999998
CHEMBL2159973,COc1ccc2nccc([C@H](O)CC[C@@H]3CCN(CCSc4ccco4)C[C@@H]3C(=O)O)c2c1,1.9913998282380825,470.59100000000024,4.465000000000003,96.03000000000002
CHEMBL4855172,COc1ccc2nccc(CCN3CCC(NCc4ccc(Cl)cn4)CC3)c2n1,1.9867413347164835,411.93700000000007,3.483500000000002,63.17
CHEMBL2158049,COc1ccc2nccc(C(O)CC[C@@H]3CCN(CCC(=O)N4CCCCC4)C[C@@H]3C(=O)O)c2c1,1.9746941347352298,483.60900000000044,3.482300000000002,103.2
CHEMBL3344012,COC(=O)CCCC(=O)Nc1ccc(-c2nc3cc(F)ccc3[nH]2)cc1,1.9706162223147903,355.3690000000001,3.650800000000001,84.08000000000001
CHEMBL3344025,COc1ccc2[nH]c(-c3ccc(NC(=O)CCC(=O)O)cc3)nc2c1,1.9469215565165803,339.35100000000006,3.0418000000000003,104.31
CHEMBL3344010,O=C(O)CCC(=O)Nc1ccc(-c2nc3cc(F)ccc3[nH]2)cc1,1.9208187539523751,327.315,3.1723000000000017,95.07999999999998
CHEMBL4073079,Cc1[nH]c(C(=O)Nc2ccc(Nc3nc(C(=O)O)no3)cc2)c(Cl)c1Cl,1.9208187539523751,396.19000000000005,3.707020000000001,133.14
CHEMBL3344039,O=C(O)CSCC(=O)Nc1ccc(-c2nc3cc(Cl)ccc3[nH]2)cc1,1.91721462968355,375.83700000000005,3.6396000000000015,95.07999999999998
CHEMBL3344035,O=C(O)CSCC(=O)Nc1ccc(-c2nc3ccccc3[nH]2)cc1,1.9030899869919435,341.39200000000005,2.986200000000001,95.07999999999998
CHEMBL3344038,O=C(O)COCC(=O)Nc1ccc(-c2nc3cc(Cl)ccc3[nH]2)cc1,1.9030899869919435,359.76900000000006,2.923000000000001,104.31
CHEMBL3344028,COc1ccc2[nH]c(-c3ccc(NC(=O)CCCCC(=O)O)cc3)nc2c1,1.9030899869919435,367.4050000000001,3.822000000000002,104.31
CHEMBL3344027,COC(=O)CCCC(=O)Nc1ccc(-c2nc3cc(OC)ccc3[nH]2)cc1,1.9030899869919435,367.40500000000014,3.5203000000000015,93.31
CHEMBL4164868,Cc1occc1C(=O)NNC(=S)NC(=O)c1ccccc1,1.8239087409443189,303.343,1.5373200000000002,83.37
CHEMBL3344042,COc1ccc2[nH]c(-c3ccc(NC(=O)CSCC(=O)O)cc3)nc2c1,1.7964232250220276,371.4180000000001,2.9948000000000006,104.31
CHEMBL3344009,O=C(O)CC(=O)Nc1ccc(-c2nc3cc(F)ccc3[nH]2)cc1,1.7875460389597242,313.288,2.7822000000000005,95.07999999999998
CHEMBL3344014,O=C(O)CC(=O)Nc1ccc(-c2nc3cc(Cl)ccc3[nH]2)cc1,1.73969005420508,329.743,3.296500000000001,95.07999999999998
CHEMBL3344024,COc1ccc2[nH]c(-c3ccc(NC(=O)CC(=O)O)cc3)nc2c1,1.7361273231347765,325.324,2.6517,104.31
CHEMBL2380332,COc1ccc2nccc([C@@H](O)CC[C@@H]3CCN(C4CC(c5ccncn5)C4)C[C@@H]3C(=O)O)c2c1,1.7212463990471711,476.5770000000002,3.815900000000002,108.67
CHEMBL2382283,COc1ccc2nccc([C@@H](O)CC[C@@H]3CCN(C4CC(c5ccn(C)n5)C4)C[C@@H]3C(=O)O)c2c1,1.7212463990471711,478.59300000000025,3.759400000000002,100.71000000000001
CHEMBL4874688,COc1ccc2nccc(CCN3CCC(NCc4ccc(Cl)nc4)CC3)c2n1,1.7039933306863277,411.93700000000007,3.483500000000002,63.17
CHEMBL3344017,COC(=O)CCCC(=O)Nc1ccc(-c2nc3cc(Cl)ccc3[nH]2)cc1,1.6538426977679916,371.8240000000001,4.1651000000000025,84.08000000000001
CHEMBL3343996,O=c1nc(/C=C/c2ccc(/C=C/c3cc(C(F)(F)F)[nH]c(=O)n3)cc2)cc(C(F)(F)F)[nH]1,1.604149623981219,454.33,4.231600000000001,91.5
CHEMBL3344007,COC(=O)CCCC(=O)Nc1ccc(-c2nc3ccccc3[nH]2)cc1,1.6020599913279625,337.3790000000001,3.511700000000001,84.08000000000001
CHEMBL2382284,COc1ccc2nccc([C@@H](O)CC[C@@H]3CCN(C4CC(c5ccn[nH]5)C4)C[C@@H]3C(=O)O)c2c1,1.6020599913279625,464.5660000000002,3.7490000000000023,111.57000000000001
CHEMBL3589539,CC(=O)Nc1nc2c(s1)C[C@@H](NC(=O)c1cc(Br)c(Br)[nH]1)CC2,1.585026652029182,462.1670000000001,3.241900000000001,86.88
CHEMBL4790218,N#CC(C#N)=C1C(=O)Nc2ccc(S(=O)(=O)N3CCOCC3)cc21,1.5790545940780278,344.3520000000002,0.4603599999999999,123.28999999999999
CHEMBL4778113,CCOC(=O)/C(C#N)=C1\C(=O)Nc2ccc(S(=O)(=O)N3CCOCC3)cc21,1.5681539543012746,391.40500000000026,0.4998800000000001,125.79999999999998
CHEMBL32,COc1c(N2C[C@@H]3CCCN[C@@H]3C2)c(F)cc2c(=O)c(C(=O)O)cn(C3CC3)c12,1.5528419686577808,401.4380000000002,2.3705000000000007,83.80000000000001
CHEMBL4763466,CC(=O)Nc1nc2ccc(NC(=O)c3[nH]c(C)c(Cl)c3Cl)cc2s1,1.4509967379742121,383.26000000000005,4.450320000000001,86.88
CHEMBL1276697,CC[C@@H]1CCN(c2c(F)cn3c(=O)n(N)c(=O)c(C4CC4)c3c2OC)C1,1.4377071355435254,362.4050000000002,1.4363999999999997,81.97000000000001
CHEMBL3343998,CC(=O)Nc1ccc(OCC[n+]2ccc(CCS(=O)(=O)[O-])cc2)cc1,1.3458234581220394,364.423,1.0992,99.41
CHEMBL2382282,COc1ccc2nccc([C@@H](O)CC[C@@H]3CCN(C4CC(c5ccnc(C)n5)C4)C[C@@H]3C(=O)O)c2c1,1.3010299956639813,490.60400000000027,4.124320000000003,108.67
CHEMBL2382367,COc1ccc2nccc([C@@H](O)CC[C@@H]3CCN(C4CC(c5ccc(C#N)cc5)C4)C[C@@H]3C(=O)O)c2c1,1.3010299956639813,499.6110000000003,4.897580000000004,106.67999999999999
CHEMBL1718255,Cc1sc2nc(SCC(=O)Nc3ccc(Cl)c(C(=O)O)c3)nc(O)c2c1C,1.3010299956639813,423.9030000000002,4.096140000000002,112.41000000000001
CHEMBL3343997,CNc1cc(CCNC(=O)c2ccc3oc(O)nc3c2)nc(-c2ccncc2)n1,1.3010299956639813,390.40300000000013,2.3996000000000004,126.06
CHEMBL3344003,CCc1cc(=O)nc(SCC(=O)Nc2cccc(C(=O)O)c2)[nH]1,1.3010299956639813,333.369,1.7613,112.15
CHEMBL3344002,CC(Cc1c[nH]c2ccccc12)NC(=O)CSS(=O)(=O)O,1.3010299956639813,328.415,1.7510999999999999,99.26
CHEMBL3344004,CCOc1cc(/C=C(\C#N)c2nc3ccc(C)cc3[nH]2)ccc1OCC(=O)O,1.3010299956639813,377.4000000000001,3.797600000000001,108.23
CHEMBL3809184,O=C(O)C(=O)Nc1ccc(NC(=O)c2cc(Br)c(Br)[nH]2)cc1,1.2924298239020637,431.04,2.8151,111.28999999999999
CHEMBL4763407,O=C(O)C(=O)Nc1ccc2nc(NC(=O)c3cc(Br)c(Br)[nH]3)[nH]c2c1,1.0969100130080565,471.065,2.6914,139.96999999999997
CHEMBL3343205,Nc1ccc(CCN2CCC(C(O)(c3ccccc3)c3ccccc3)CC2)cc1,1.031517051446065,386.53900000000016,4.459400000000004,49.489999999999995
CHEMBL3908487,O=C(O)C(=O)Nc1ccc2nc(NC(=O)c3cc(Br)c(Br)[nH]3)sc2c1,1.0,488.117,3.4248000000000003,124.17999999999998
CHEMBL5432283,COc1ccc2nccc(OC[C@H]3CC[C@H](NC(=O)c4cc(F)c(Cl)c(F)c4)CC3)c2n1,1.0,461.8960000000002,4.937600000000004,73.34
CHEMBL3589534,O=C(O)C(=O)Nc1nc2c(s1)C[C@@H](NC(=O)c1cc(Br)c(Br)[nH]1)CC2,0.9208187539523752,492.1490000000001,2.3066000000000004,124.17999999999998
CHEMBL4076111,CCNC(=O)Nc1cc2ccccc2cn1,0.8927900303521317,215.256,2.3762000000000008,54.02
CHEMBL3343204,O=[N+]([O-])c1ccc(CCN2CCC(C(O)(c3ccccc3)c3ccccc3)CC2)cc1,0.5800442515102421,416.52100000000013,4.7854000000000045,66.61
CHEMBL3589078,O=C(O)C(=O)Nc1nc2c(s1)C[C@@H](NC(=O)c1cc(Cl)c(Cl)[nH]1)CC2,0.5228787452803376,403.2470000000002,2.0884,124.17999999999998
CHEMBL3589075,CCOC(=O)C(=O)Nc1nc2c(s1)C[C@@H](NC(=O)c1cc(Cl)c(Cl)[nH]1)CC2,0.494850021680094,431.30100000000016,2.5669000000000004,113.18
CHEMBL3343202,COc1ccc(CCN2CCC(C(O)(c3ccccc3)c3ccccc3)CC2)cc1,0.4775557664936802,401.5500000000001,4.885800000000005,32.7
CHEMBL3343206,CN(C)c1ccc(CCN2CCC(C(O)(c3ccccc3)c3ccccc3)CC2)cc1,0.4775557664936802,414.59300000000013,4.943200000000005,26.71
CHEMBL3808620,O=C(Nc1ccc(N2CCCC(C(=O)O)C2)cc1)c1cc(Br)c(Br)[nH]1,0.37675070960209955,471.149,4.093000000000003,85.43
CHEMBL3342823,O=C(OO)c1ccc(C(O)CCCN2CCC(C(O)(c3ccccc3)c3ccccc3)CC2)cc1,0.3565473235138126,475.5850000000001,4.778100000000005,90.23
CHEMBL3342827,O=C(O)c1ccc(C(O)CCCN2CCC(C(O)(c3ccccc3)c3ccccc3)CC2)cc1,0.3010299956639812,459.5860000000001,4.846500000000005,81.0
CHEMBL5,CCn1cc(C(=O)O)c(=O)c2ccc(C)nc21,0.09691001300805645,232.23899999999998,1.4230200000000002,72.19
